<?xml version="1.0" encoding="UTF-8"?>
<Configuration status="INFO">
    <Properties>
        <Property name="matayeled-pattern">%d{dd/MM HH:mm:ss.SSS} %-5level %logger{36} - %msg%n</Property>
    </Properties>

    <Appenders>
        <Console name="Console" target="SYSTEM_OUT">
            <PatternLayout>
                <pattern>${matayeled-pattern}</pattern>
            </PatternLayout>
        </Console>
        <RollingFile name="RollingFileSecurity" fileName="${sys:LOGS_DIR}/matayeled.security.log"
                     filePattern="${sys:LOGS_DIR}/matayeled.security.%i.log">
            <MarkerFilter marker="SECURITY" onMatch="ACCEPT" onMismatch="NEUTRAL"/>
            <PatternLayout>
                <pattern>${matayeled-pattern}</pattern>
            </PatternLayout>
            <Policies>
                <SizeBasedTriggeringPolicy size="35 MB"/>
            </Policies>
            <DefaultRolloverStrategy max="7"/>
        </RollingFile>
        <RollingFile name="RollingFileApp" fileName="${sys:LOGS_DIR}/matayeled.log"
                     filePattern="${sys:LOGS_DIR}/matayeled.%i.log">
            <PatternLayout>
                <pattern>${matayeled-pattern}</pattern>
            </PatternLayout>
            <Policies>
                <SizeBasedTriggeringPolicy size="35 MB"/>
            </Policies>
            <DefaultRolloverStrategy max="7"/>
        </RollingFile>
    </Appenders>
    <Loggers>
        <Logger name="org.springframework" level="error" />
        <Logger name="org.hibernate" level="error" />
        <Root level="debug" additivity="true">
            <AppenderRef ref="Console"/>
            <AppenderRef ref="RollingFileApp"/>
            <AppenderRef ref="RollingFileSecurity"/>
        </Root>
    </Loggers>
</Configuration>